---
layout:     post                    # 使用的布局（不需要改）
title:      mysql-查询并更新记录             # 标题 
subtitle:     #副标题
date:       2018-3-17              # 时间
author:     co                      # 作者
header-img: img/post-bg-2015.jpg    #这篇文章标题背景图片
catalog: true                       # 是否归档
tags:                               #标签
    - mysql
---

#### 更新
其实不用这么麻烦。直接更新就可以了。看新方法
#### 新方法
举个例子.我把所有的记录的名字都修改
```
-- 查看未修改前的表
MariaDB [menagerie]> select * from tmp;
+----+-------+------+
| id | name  | age  |
+----+-------+------+
|  6 | david |   33 |
|  7 | cola  |   28 |
|  8 | pang  | NULL |
|  9 | NULL  | NULL |
+----+-------+------+
4 rows in set (0.00 sec)

```
修改后
```
MariaDB [menagerie]> update tmp set name=concat(name,'_x') ;//不需要再where条件查找
Query OK, 3 rows affected (0.01 sec)
Rows matched: 4  Changed: 3  Warnings: 0

MariaDB [menagerie]> select * from tmp;
+----+---------+------+
| id | name    | age  |
+----+---------+------+
|  6 | david_x |   33 |
|  7 | cola_x  |   28 |
|  8 | pang_x  | NULL |
|  9 | NULL    | NULL |
+----+---------+------+
4 rows in set (0.00 sec)
```
#### 老方法

我发现我的pet表记录中 name那一栏的所有名字前面都有一个空格。这个可以通过 `LENGTH(name)`验证字符长度。
```
MariaDB [menagerie]> select * from pet  where name regexp '^[ ]';
+----+-----------+--------+---------+------+------------+------------+
| id | name      | owner  | species | sex  | birth      | death      |
+----+-----------+--------+---------+------+------------+------------+
|  1 |  Fluffy   | Harold | cat     | f    | 1993-02-04 | NULL       |
|  2 |  Claws    | Gwen   | cat     | m    | 1994-03-17 | NULL       |
|  3 |  Buffy    | Harold | dog     | f    | 1989-05-13 | NULL       |
|  4 |  Fang     | Benny  | dog     | m    | 1990-08-27 | NULL       |
|  5 |  Bowser   | Diane  | dog     | m    | 1979-08-31 | 1995-07-29 |
|  6 |  Chirpy   | Gwen   | bird    | f    | 1998-09-11 | NULL       |
|  7 |  Whistler | Gwen   | bird    | NULL | 1997-12-09 | NULL       |
|  8 |  Slim     | Benny  | snake   | m    | 1996-04-29 | NULL       |
+----+-----------+--------+---------+------+------------+------------+
8 rows in set (0.00 sec)

-- 因为前面有个空格，所以 想匹配b开头的名字就是空集
MariaDB [menagerie]> select * from pet where name rlike "^b.*$";
Empty set (0.00 sec)

MariaDB [menagerie]> select * from pet where name rlike "^[b].*$";
Empty set (0.00 sec)

MariaDB [menagerie]> select * from pet where name rlike "^[B].*$";
Empty set (0.00 sec)

MariaDB [menagerie]> select * from pet where name rlike '^[bB]';
Empty set (0.01 sec)

MariaDB [menagerie]> select * from pet where name regexp '^[bB]';
Empty set (0.00 sec)

MariaDB [menagerie]> select * from pet where name regexp '^b';
Empty set (0.00 sec)

MariaDB [menagerie]> select * from pet where name regexp '^B';
Empty set (0.00 sec)


```

我现在就是要去掉这个空格。这里需要先查询到所有记录，然后更新。我试过下面这样，但是不行.



```
MariaDB [menagerie]> update pet set name=substring(name,2) 
	where name in(select name from pet );

ERROR 1093 (HY000): You can't specify target table 'pet' for update in FROM clause

```
> substring(name,2) 表示从name的第二个字符开始截取name知道结束位置。


像下面才行
```
MariaDB [menagerie]> update pet set name=substring(name,2) 
	where name in(select * from (select name from pet) pet_alis );//特意取了别名

Query OK, 8 rows affected (0.01 sec)
Rows matched: 8  Changed: 8  Warnings: 0

MariaDB [menagerie]> select * from pet;
+----+----------+--------+---------+------+------------+------------+
| id | name     | owner  | species | sex  | birth      | death      |
+----+----------+--------+---------+------+------------+------------+
|  1 | Fluffy   | Harold | cat     | f    | 1993-02-04 | NULL       |
|  2 | Claws    | Gwen   | cat     | m    | 1994-03-17 | NULL       |
|  3 | Buffy    | Harold | dog     | f    | 1989-05-13 | NULL       |
|  4 | Fang     | Benny  | dog     | m    | 1990-08-27 | NULL       |
|  5 | Bowser   | Diane  | dog     | m    | 1979-08-31 | 1995-07-29 |
|  6 | Chirpy   | Gwen   | bird    | f    | 1998-09-11 | NULL       |
|  7 | Whistler | Gwen   | bird    | NULL | 1997-12-09 | NULL       |
|  8 | Slim     | Benny  | snake   | m    | 1996-04-29 | NULL       |
+----+----------+--------+---------+------+------------+------------+

-- 现在查看 b开头的名字
MariaDB [menagerie]> select * from pet where name regexp '^b';
+----+--------+--------+---------+------+------------+------------+
| id | name   | owner  | species | sex  | birth      | death      |
+----+--------+--------+---------+------+------------+------------+
|  3 | Buffy  | Harold | dog     | f    | 1989-05-13 | NULL       |
|  5 | Bowser | Diane  | dog     | m    | 1979-08-31 | 1995-07-29 |
+----+--------+--------+---------+------+------------+------------+
2 rows in set (0.00 sec)

```

#### 总结
空格不容发现。导入数据的时候还是用excel保险点。
### 结束