---
layout:     post                    # 使用的布局（不需要改）
title:      mysql-统计              # 标题 
subtitle:     #副标题
date:       2018-3-17              # 时间
author:     co                      # 作者
header-img: img/post-bg-2015.jpg    #这篇文章标题背景图片
catalog: true                       # 是否归档
tags:                               #标签
    - mysql
---

有时候我们需要一些计算功能。

#### 基本运算
select 还可以做基本的运算。并把结果用表的形式展示出来
```
MariaDB [test1]> select 5+2 ;
+-----+
| 5+2 |
+-----+
|   7 |
+-----+
1 row in set (0.00 sec)

```

#### 统计
有时候需要对记录做统计或者求平均数之类的操作，mysql提供了一些聚合函数。
- count


```
-- 求学生的个数
Database changed
MariaDB [test1]> select count(1) from students;
+----------+
| count(1) |
+----------+
|       10 |
+----------+
1 row in set (0.00 sec)

```
至于count(1)还是count(*)我们这里不讨论了，这根mysql的版本有关，但是都是统计记录总数。当然count(column_name)可以计算列值不为null的记录个数。下面是例子。这里我新建了一个tmp表
```
MariaDB [menagerie]> show create table tmp;
+-------+----------------------------------------------------------------------------------------------------------------------------------------------------------------------------------------------------------+
| Table | Create Table                                                                                                                                                                                             |
+-------+----------------------------------------------------------------------------------------------------------------------------------------------------------------------------------------------------------+
| tmp   | CREATE TABLE `tmp` (
  `id` int(11) NOT NULL AUTO_INCREMENT,
  `name` varchar(20) DEFAULT NULL,
  `age` int(11) DEFAULT NULL,
  PRIMARY KEY (`id`)
) ENGINE=InnoDB AUTO_INCREMENT=9 DEFAULT CHARSET=utf8 |
+-------+------------------------------------------------------------------------

-- 表里面的记录如下

MariaDB [menagerie]> select * from tmp;
+----+-------+------+
| id | name  | age  |
+----+-------+------+
|  6 | david |   33 |
|  7 | cola  |   28 |
|  8 | pang  | NULL |
|  9 | NULL  | NULL |
+----+-------+------+
4 rows in set (0.00 sec)

MariaDB [menagerie]> select count(1) from tmp; -- 统计所有记录的个数
+----------+
| count(1) |
+----------+
|        4 |
+----------+
1 row in set (0.00 sec)

MariaDB [menagerie]> select count(*) from tmp;
+----------+
| count(*) |
+----------+
|        4 |
+----------+
1 row in set (0.00 sec)

MariaDB [menagerie]> select count(name) from tmp; -- 统计所有记录中有列名为name，并且其列值不是null的记录个数
+-------------+
| count(name) |
+-------------+
|           3 |
+-------------+
1 row in set (0.00 sec)

MariaDB [menagerie]> select count(age) from tmp;
+------------+
| count(age) |
+------------+
|          2 |
+------------+
1 row in set (0.00 sec)

```
- avg
继续讨论students表。求平均数.比如男生的平均成绩。

```
MariaDB [test1]> select * from students;
+----+----------+--------+--------+-------+
| id | class_id | name   | gender | score |
+----+----------+--------+--------+-------+
|  1 |        1 | 小明   | M      |    90 |
|  2 |        1 | 小红   | F      |    95 |
|  3 |        1 | 小军   | M      |    88 |
|  4 |        1 | 小米   | F      |    73 |
|  5 |        2 | 小白   | F      |    81 |
|  6 |        2 | 小兵   | M      |    55 |
|  7 |        2 | 小林   | M      |    85 |
|  8 |        3 | 小新   | F      |    91 |
|  9 |        3 | 小王   | M      |    89 |
| 10 |        3 | 小丽   | F      |    85 |
+----+----------+--------+--------+-------+
10 rows in set (0.00 sec)


MariaDB [test1]> select avg(score) from students where gender='M';
+------------+
| avg(score) |
+------------+
|    81.4000 |
+------------+
1 row in set (0.00 sec)

```

- max


求成绩的第一名
```
MariaDB [test1]> select max(score) from students ;
+------------+
| max(score) |
+------------+
|         95 |
+------------+
1 row in set (0.00 sec)

```
其他类似的函数有 sum 和 min 函数。


### 结束