---
layout:     post                    # 使用的布局（不需要改）
title:      mysql-日期和时间              # 标题 
subtitle:     #副标题
date:       2014-3-17              # 时间
author:     co                      # 作者
header-img: img/post-bg-2015.jpg    #这篇文章标题背景图片
catalog: true                       # 是否归档
tags:                               #标签
    - mysql
---

#### 基本使用
我们以动物园数据库来说明。我们想列出所有动物的年龄。先看看动物园的宠物
```
MariaDB [menagerie]> select * from pet;
+----+-----------+--------+---------+------+------------+------------+
| id | name      | owner  | species | sex  | birth      | death      |
+----+-----------+--------+---------+------+------------+------------+
|  1 |  Fluffy   | Harold | cat     | f    | 1993-02-04 | NULL       |
|  2 |  Claws    | Gwen   | cat     | m    | 1994-03-17 | NULL       |
|  3 |  Buffy    | Harold | dog     | f    | 1989-05-13 | NULL       |
|  4 |  Fang     | Benny  | dog     | m    | 1990-08-27 | NULL       |
|  5 |  Bowser   | Diane  | dog     | m    | 1979-08-31 | 1995-07-29 |
|  6 |  Chirpy   | Gwen   | bird    | f    | 1998-09-11 | NULL       |
|  7 |  Whistler | Gwen   | bird    | NULL | 1997-12-09 | NULL       |
|  8 |  Slim     | Benny  | snake   | m    | 1996-04-29 | NULL       |
+----+-----------+--------+---------+------+------------+------------+
8 rows in set (0.00 sec)

```
通过日期对比获得年龄.这里跟我们平时计算年龄类似。比如 出生是 2000年5月 现在是2010年2月 那么就是9岁。也就是10-1

```
MariaDB [menagerie]> select name, birth,CURDATE(),
 	YEAR(CURDATE())-YEAR(birth)
 	-(RIGHT(CURDATE(),5) < RIGHT(birth,5))//RIGHT函数是获取当前日期右边的五个字符 也就是 05-18
 	AS age  
	FROM pet;
+-----------+------------+------------+------+
| name      | birth      | CURDATE()  | age  |
+-----------+------------+------------+------+
|  Fluffy   | 1993-02-04 | 2019-05-18 |   26 |
|  Claws    | 1994-03-17 | 2019-05-18 |   25 |
|  Buffy    | 1989-05-13 | 2019-05-18 |   30 |
|  Fang     | 1990-08-27 | 2019-05-18 |   28 |
|  Bowser   | 1979-08-31 | 2019-05-18 |   39 |
|  Chirpy   | 1998-09-11 | 2019-05-18 |   20 |
|  Whistler | 1997-12-09 | 2019-05-18 |   21 |
|  Slim     | 1996-04-29 | 2019-05-18 |   23 |
+-----------+------------+------------+------+
8 rows in set (0.00 sec)

```
当前日期可以通过  CURDATE()获得。获得日期的年月日可以通过 YEAR() MONTH() DAYOFMONTH()或者DAY()
```
MariaDB [menagerie]> select year(curdate()),month(curdate()),dayofmonth(curdate());
+-----------------+------------------+-----------------------+
| year(curdate()) | month(curdate()) | dayofmonth(curdate()) |
+-----------------+------------------+-----------------------+
|            2019 |                5 |                    18 |
+-----------------+------------------+-----------------------+

```

#### timedate timestamp
我们知道 date是日期，像`2015-02-12`这种， time是`12:10:55`这种。而timedate 和 timestamp就是 `2015-12-08 00:00:00`这种。timedate 和 timestamp 的区别在于
- timestamp会直接保存，而timedate会做时区换算后保存，取出时再换算回来。举个timedate的例子，比如现在是 8点，我们所在的时区，跟UTC（世界统一时间）差8小时，那么保存的时候保存为0，取出的时候，再根据时区差换算成8。也就是说，如果期间我们改了时区，再想获取之前保存的timedate，值就改变了。因为过程是先取出0，然乎根据时区换算，显然值不是8了。
- 范围不同

```
timestamp所能存储的时间范围为：'1970-01-01 00:00:01.000000' 到 '2038-01-19 03:14:07.999999'。

datetime所能存储的时间范围为：'1000-01-01 00:00:00.000000' 到 '9999-12-31 23:59:59.999999'。
```

> now() current_timestamp() 获取的时间没有区别

```
MariaDB [menagerie]> select now(),current_timestamp();
+---------------------+---------------------+
| now()               | current_timestamp() |
+---------------------+---------------------+
| 2019-05-18 19:34:31 | 2019-05-18 19:34:31 |
+---------------------+---------------------+
1 row in set (0.00 sec)

```

#### timestamp自动初始化和更新问题
关于timestamp类型的段，最好设置默认值为NULL。不然可能会导致启动自动初始化和默认更新机制。看下面
```
MariaDB [menagerie]> create table testtime(id int ,mytimestamp timestamp);
Query OK, 0 rows affected (0.00 sec)

MariaDB [menagerie]> show create table testtime;
+----------+--------------------------------------------------------------------------------------------------------------------------------------------------------------------------------------+
| Table    | Create Table                                                                                                                                                                         |
+----------+--------------------------------------------------------------------------------------------------------------------------------------------------------------------------------------+
| testtime | CREATE TABLE `testtime` (
  `id` int(11) DEFAULT NULL,
  `mytimestamp` timestamp NOT NULL DEFAULT CURRENT_TIMESTAMP ON UPDATE CURRENT_TIMESTAMP//注意这里
) ENGINE=InnoDB DEFAULT CHARSET=utf8 |

```
我在create 表的时候没有设置。 mytimestamp的默认值和约束。`NOT NULL DEFAULT CURRENT_TIMESTAMP ON UPDATE CURRENT_TIMESTAMP`这里表示默认值是CURRENT_TIMESTAMP，也就是now()的值，而且只有本条记录有字段更新了，那么这个mytimestamp就会自动更新。我先插入一条记录，然后更新他。观察mytimestamp字段值
```
MariaDB [menagerie]> insert into testtime(id)values(1);
Query OK, 1 row affected (0.00 sec)

MariaDB [menagerie]> select * from testtime;
+------+---------------------+
| id   | mytimestamp         |
+------+---------------------+
|    1 | 2019-05-18 19:45:34 |
+------+---------------------+
1 row in set (0.00 sec)

MariaDB [menagerie]> update testtime set id=11 where id=1;
Query OK, 1 row affected (0.01 sec)
Rows matched: 1  Changed: 1  Warnings: 0

MariaDB [menagerie]> select * from testtime;
+------+---------------------+
| id   | mytimestamp         |
+------+---------------------+
|   11 | 2019-05-18 19:56:13 |
+------+---------------------+
1 row in set (0.00 sec)


```
发现mytimestamp时间更新了

### 结束